iteration,energy
0.000000000000000000e+00,7.726085992011860526e+00
1.000000000000000000e+00,7.726085992011860526e+00
2.000000000000000000e+00,7.726085992011860526e+00
3.000000000000000000e+00,7.698042742829323437e+00
4.000000000000000000e+00,7.698042742829323437e+00
5.000000000000000000e+00,7.698042742829323437e+00
6.000000000000000000e+00,7.662896698074561641e+00
7.000000000000000000e+00,7.653172503924685621e+00
8.000000000000000000e+00,7.653172503924685621e+00
9.000000000000000000e+00,7.626249655791625059e+00
1.000000000000000000e+01,7.626249655791625059e+00
1.100000000000000000e+01,7.610613785399024778e+00
1.200000000000000000e+01,7.500445997160678502e+00
1.300000000000000000e+01,7.330147245128757483e+00
1.400000000000000000e+01,6.973590580474231970e+00
1.500000000000000000e+01,6.973590580474231970e+00
1.600000000000000000e+01,6.932136260197705013e+00
1.700000000000000000e+01,6.884544152127808125e+00
1.800000000000000000e+01,6.884544152127808125e+00
1.900000000000000000e+01,6.865423553645144672e+00
2.000000000000000000e+01,6.581722178109894017e+00
2.100000000000000000e+01,6.539936106592639575e+00
2.200000000000000000e+01,6.188723060493122929e+00
2.300000000000000000e+01,6.093199890439585431e+00
2.400000000000000000e+01,6.051410149540209282e+00
2.500000000000000000e+01,6.049559077436406085e+00
2.600000000000000000e+01,5.524342069598128901e+00
2.700000000000000000e+01,5.497491119453004060e+00
2.800000000000000000e+01,5.479302082004258168e+00
2.900000000000000000e+01,5.462786155607920691e+00
3.000000000000000000e+01,5.407117527063054929e+00
3.100000000000000000e+01,5.407117527063054929e+00
3.200000000000000000e+01,5.382764792385527741e+00
3.300000000000000000e+01,5.382764792385527741e+00
3.400000000000000000e+01,5.382764792385527741e+00
3.500000000000000000e+01,5.382764792385527741e+00
3.600000000000000000e+01,5.305155042620025796e+00
3.700000000000000000e+01,5.223454540969890481e+00
3.800000000000000000e+01,5.223454540969890481e+00
3.900000000000000000e+01,5.208764458282676202e+00
4.000000000000000000e+01,4.984363490594576618e+00
4.100000000000000000e+01,4.958783427200913252e+00
4.200000000000000000e+01,4.958783427200913252e+00
4.300000000000000000e+01,4.958783427200913252e+00
4.400000000000000000e+01,4.958783427200913252e+00
4.500000000000000000e+01,4.815973877087238009e+00
4.600000000000000000e+01,4.770542827437472155e+00
4.700000000000000000e+01,4.770542827437472155e+00
4.800000000000000000e+01,4.770542827437472155e+00
4.900000000000000000e+01,4.675246244119639627e+00
5.000000000000000000e+01,4.656204198920897319e+00
5.100000000000000000e+01,4.627529298883193754e+00
5.200000000000000000e+01,4.627529298883193754e+00
5.300000000000000000e+01,4.627529298883193754e+00
5.400000000000000000e+01,4.627529298883193754e+00
5.500000000000000000e+01,4.627529298883193754e+00
5.600000000000000000e+01,4.627529298883193754e+00
5.700000000000000000e+01,4.627529298883193754e+00
5.800000000000000000e+01,4.627529298883193754e+00
5.900000000000000000e+01,4.627529298883193754e+00
6.000000000000000000e+01,4.591807497631934076e+00
6.100000000000000000e+01,4.591807497631934076e+00
6.200000000000000000e+01,4.591807497631934076e+00
6.300000000000000000e+01,3.973364911312578407e+00
6.400000000000000000e+01,3.970440668403221629e+00
6.500000000000000000e+01,3.953343658184992115e+00
6.600000000000000000e+01,3.942058144147744692e+00
6.700000000000000000e+01,3.878886344865104085e+00
6.800000000000000000e+01,3.862602160284773767e+00
6.900000000000000000e+01,3.027626816996318304e+00
7.000000000000000000e+01,3.017912610592108358e+00
7.100000000000000000e+01,3.017912610592108358e+00
7.200000000000000000e+01,3.017912610592108358e+00
7.300000000000000000e+01,3.017293477828118853e+00
7.400000000000000000e+01,3.017293477828118853e+00
7.500000000000000000e+01,3.017293477828118853e+00
7.600000000000000000e+01,3.017293477828118853e+00
7.700000000000000000e+01,3.017293477828118853e+00
7.800000000000000000e+01,3.017293477828118853e+00
7.900000000000000000e+01,2.782620899584826724e+00
8.000000000000000000e+01,2.782620899584826724e+00
8.100000000000000000e+01,2.782620899584826724e+00
8.200000000000000000e+01,2.782620899584826724e+00
8.300000000000000000e+01,2.749851379659227657e+00
8.400000000000000000e+01,2.682482472978733323e+00
8.500000000000000000e+01,2.682482472978733323e+00
8.600000000000000000e+01,2.682482472978733323e+00
8.700000000000000000e+01,2.682482472978733323e+00
8.800000000000000000e+01,2.651622435761630925e+00
8.900000000000000000e+01,2.651622435761630925e+00
9.000000000000000000e+01,2.628221872126433656e+00
9.100000000000000000e+01,2.628221872126433656e+00
9.200000000000000000e+01,2.628221872126433656e+00
9.300000000000000000e+01,2.628221872126433656e+00
9.400000000000000000e+01,2.583335047237224735e+00
9.500000000000000000e+01,2.348291844020281349e+00
9.600000000000000000e+01,2.299088308983272100e+00
9.700000000000000000e+01,1.897391993097443663e+00
9.800000000000000000e+01,1.809986105967086978e+00
9.900000000000000000e+01,1.809986105967086978e+00
1.000000000000000000e+02,1.786002361738996180e+00
1.010000000000000000e+02,1.786002361738996180e+00
1.020000000000000000e+02,1.786002361738996180e+00
1.030000000000000000e+02,1.648379872655995282e+00
1.040000000000000000e+02,1.648379872655995282e+00
1.050000000000000000e+02,1.610935663778974236e+00
1.060000000000000000e+02,1.610935663778974236e+00
1.070000000000000000e+02,1.610935663778974236e+00
1.080000000000000000e+02,1.610935663778974236e+00
1.090000000000000000e+02,1.610935663778974236e+00
1.100000000000000000e+02,1.610935663778974236e+00
1.110000000000000000e+02,1.610935663778974236e+00
1.120000000000000000e+02,1.610935663778974236e+00
1.130000000000000000e+02,1.602344145579837065e+00
1.140000000000000000e+02,1.598926715924683162e+00
1.150000000000000000e+02,1.598926715924683162e+00
1.160000000000000000e+02,1.598263143887615811e+00
1.170000000000000000e+02,1.598263143887615811e+00
1.180000000000000000e+02,1.587137386710771425e+00
1.190000000000000000e+02,1.587137386710771425e+00
1.200000000000000000e+02,1.587137386710771425e+00
1.210000000000000000e+02,1.557510999383442618e+00
1.220000000000000000e+02,1.557510999383442618e+00
1.230000000000000000e+02,1.321908140421481859e+00
1.240000000000000000e+02,1.039199196053219865e+00
1.250000000000000000e+02,9.888964187957609564e-01
1.260000000000000000e+02,9.888964187957609564e-01
1.270000000000000000e+02,9.888964187957609564e-01
1.280000000000000000e+02,9.888964187957609564e-01
1.290000000000000000e+02,9.526351541593343075e-01
1.300000000000000000e+02,9.235214650003238379e-01
1.310000000000000000e+02,9.142542381084066694e-01
1.320000000000000000e+02,9.142542381084066694e-01
1.330000000000000000e+02,1.550581983147190090e-01
1.340000000000000000e+02,-3.253176654168724369e+00
1.350000000000000000e+02,-3.348322172010802955e+00
1.360000000000000000e+02,-3.348322172010802955e+00
1.370000000000000000e+02,-3.348322172010802955e+00
1.380000000000000000e+02,-3.348322172010802955e+00
1.390000000000000000e+02,-3.348322172010802955e+00
1.400000000000000000e+02,-3.348322172010802955e+00
1.410000000000000000e+02,-3.348322172010802955e+00
1.420000000000000000e+02,-3.348322172010802955e+00
1.430000000000000000e+02,-3.421443731706510061e+00
1.440000000000000000e+02,-3.421443731706510061e+00
1.450000000000000000e+02,-3.452688072051480539e+00
1.460000000000000000e+02,-3.523922862962129088e+00
1.470000000000000000e+02,-3.523922862962129088e+00
1.480000000000000000e+02,-3.523922862962129088e+00
1.490000000000000000e+02,-3.545526447912732859e+00
1.500000000000000000e+02,-3.576450169523377021e+00
1.510000000000000000e+02,-3.576450169523377021e+00
1.520000000000000000e+02,-3.576450169523377021e+00
1.530000000000000000e+02,-3.576450169523377021e+00
1.540000000000000000e+02,-3.576450169523377021e+00
1.550000000000000000e+02,-3.626261856663685279e+00
1.560000000000000000e+02,-3.626261856663685279e+00
1.570000000000000000e+02,-3.740665467476479211e+00
1.580000000000000000e+02,-3.740665467476479211e+00
1.590000000000000000e+02,-3.766899469804714684e+00
1.600000000000000000e+02,-3.766899469804714684e+00
1.610000000000000000e+02,-3.766899469804714684e+00
1.620000000000000000e+02,-3.766899469804714684e+00
1.630000000000000000e+02,-3.774878441049409616e+00
1.640000000000000000e+02,-4.047672584444202748e+00
1.650000000000000000e+02,-4.091103720237224017e+00
1.660000000000000000e+02,-4.111959728823938676e+00
1.670000000000000000e+02,-4.119305877479900957e+00
1.680000000000000000e+02,-4.119305877479900957e+00
1.690000000000000000e+02,-4.119305877479900957e+00
1.700000000000000000e+02,-4.429145809334293915e+00
1.710000000000000000e+02,-4.465246601931981196e+00
1.720000000000000000e+02,-4.465246601931981196e+00
1.730000000000000000e+02,-4.465246601931981196e+00
1.740000000000000000e+02,-4.465246601931981196e+00
1.750000000000000000e+02,-4.508598090346084497e+00
1.760000000000000000e+02,-5.000708435514559902e+00
1.770000000000000000e+02,-5.000708435514559902e+00
1.780000000000000000e+02,-5.000708435514559902e+00
1.790000000000000000e+02,-5.388609832830904445e+00
1.800000000000000000e+02,-5.388609832830904445e+00
1.810000000000000000e+02,-5.401046932658644550e+00
1.820000000000000000e+02,-5.401046932658644550e+00
1.830000000000000000e+02,-5.491419301728768687e+00
1.840000000000000000e+02,-5.536539365767483289e+00
1.850000000000000000e+02,-5.536539365767483289e+00
1.860000000000000000e+02,-5.536539365767483289e+00
1.870000000000000000e+02,-5.932215821618340712e+00
1.880000000000000000e+02,-5.943267923548980924e+00
1.890000000000000000e+02,-5.943267923548980924e+00
1.900000000000000000e+02,-5.995482800967360859e+00
1.910000000000000000e+02,-5.995482800967360859e+00
1.920000000000000000e+02,-6.078633419274155791e+00
1.930000000000000000e+02,-6.078633419274155791e+00
1.940000000000000000e+02,-6.110071500273835277e+00
1.950000000000000000e+02,-6.110071500273835277e+00
1.960000000000000000e+02,-6.110071500273835277e+00
1.970000000000000000e+02,-6.188753877458884389e+00
1.980000000000000000e+02,-6.188753877458884389e+00
1.990000000000000000e+02,-7.586244954530821261e+00
2.000000000000000000e+02,-7.616329571789781205e+00
2.010000000000000000e+02,-7.922003159528953731e+00
2.020000000000000000e+02,-7.922003159528953731e+00
2.030000000000000000e+02,-7.922003159528953731e+00
2.040000000000000000e+02,-7.978130081944255991e+00
2.050000000000000000e+02,-7.978130081944255991e+00
2.060000000000000000e+02,-7.978130081944255991e+00
2.070000000000000000e+02,-7.978130081944255991e+00
2.080000000000000000e+02,-7.978130081944255991e+00
2.090000000000000000e+02,-7.994108687280705894e+00
2.100000000000000000e+02,-8.059982430975050960e+00
2.110000000000000000e+02,-8.133828807908752623e+00
2.120000000000000000e+02,-8.149164982081556374e+00
2.130000000000000000e+02,-8.149164982081556374e+00
2.140000000000000000e+02,-8.206742112553721213e+00
2.150000000000000000e+02,-8.206742112553721213e+00
2.160000000000000000e+02,-8.220562294540442849e+00
2.170000000000000000e+02,-8.274504854516965935e+00
2.180000000000000000e+02,-8.284591508832928497e+00
2.190000000000000000e+02,-8.284591508832928497e+00
2.200000000000000000e+02,-8.407765782347283334e+00
2.210000000000000000e+02,-8.407765782347283334e+00
2.220000000000000000e+02,-8.407765782347283334e+00
2.230000000000000000e+02,-8.408522229920611935e+00
2.240000000000000000e+02,-8.408522229920611935e+00
2.250000000000000000e+02,-8.410825971011487212e+00
2.260000000000000000e+02,-8.630168952920364234e+00
2.270000000000000000e+02,-8.773100434754233845e+00
2.280000000000000000e+02,-8.773100434754233845e+00
2.290000000000000000e+02,-8.773100434754233845e+00
2.300000000000000000e+02,-8.773100434754233845e+00
2.310000000000000000e+02,-8.777772895718676693e+00
2.320000000000000000e+02,-8.777772895718676693e+00
2.330000000000000000e+02,-8.807898856589218894e+00
2.340000000000000000e+02,-8.807898856589218894e+00
2.350000000000000000e+02,-8.807898856589218894e+00
2.360000000000000000e+02,-8.810337819797876335e+00
2.370000000000000000e+02,-8.810337819797876335e+00
2.380000000000000000e+02,-8.810337819797876335e+00
2.390000000000000000e+02,-8.840639055347001118e+00
2.400000000000000000e+02,-8.890207822303704432e+00
2.410000000000000000e+02,-9.000565292160588982e+00
2.420000000000000000e+02,-9.046361102766862672e+00
2.430000000000000000e+02,-9.052842766106481420e+00
2.440000000000000000e+02,-9.052842766106481420e+00
2.450000000000000000e+02,-9.052842766106481420e+00
2.460000000000000000e+02,-9.052842766106481420e+00
2.470000000000000000e+02,-1.005832144346408441e+01
2.480000000000000000e+02,-1.005832144346408441e+01
2.490000000000000000e+02,-1.005832144346408441e+01
2.500000000000000000e+02,-1.015234561555443982e+01
2.510000000000000000e+02,-1.015234561555443982e+01
2.520000000000000000e+02,-1.015234561555443982e+01
2.530000000000000000e+02,-1.015234561555443982e+01
2.540000000000000000e+02,-1.017963205951211947e+01
2.550000000000000000e+02,-1.017963205951211947e+01
2.560000000000000000e+02,-1.061498036936530553e+01
2.570000000000000000e+02,-1.064702065791495400e+01
2.580000000000000000e+02,-1.064702065791495400e+01
2.590000000000000000e+02,-1.064702065791495400e+01
2.600000000000000000e+02,-1.352437695817232388e+01
2.610000000000000000e+02,-1.352795186190239463e+01
2.620000000000000000e+02,-1.355053309548868334e+01
2.630000000000000000e+02,-1.888501144330367154e+01
2.640000000000000000e+02,-1.888501144330367154e+01
2.650000000000000000e+02,-1.888501144330367154e+01
2.660000000000000000e+02,-1.888501144330367154e+01
2.670000000000000000e+02,-1.888501144330367154e+01
2.680000000000000000e+02,-1.888501144330367154e+01
2.690000000000000000e+02,-1.889724250290718643e+01
2.700000000000000000e+02,-1.893242707975480954e+01
2.710000000000000000e+02,-1.893242707975480954e+01
2.720000000000000000e+02,-1.893242707975480954e+01
2.730000000000000000e+02,-1.893242707975480954e+01
2.740000000000000000e+02,-1.893242707975480954e+01
2.750000000000000000e+02,-1.893242707975480954e+01
2.760000000000000000e+02,-1.894706860637103674e+01
2.770000000000000000e+02,-1.894706860637103674e+01
2.780000000000000000e+02,-1.894706860637103674e+01
2.790000000000000000e+02,-1.894706860637103674e+01
2.800000000000000000e+02,-1.895566654726038180e+01
2.810000000000000000e+02,-1.895566654726038180e+01
2.820000000000000000e+02,-1.901027374799873115e+01
2.830000000000000000e+02,-1.901027374799873115e+01
2.840000000000000000e+02,-1.904464051094497279e+01
2.850000000000000000e+02,-2.019086235438975763e+01
2.860000000000000000e+02,-2.019086235438975763e+01
2.870000000000000000e+02,-2.331580139470908364e+01
2.880000000000000000e+02,-2.333303441582966542e+01
2.890000000000000000e+02,-2.339515694124163403e+01
2.900000000000000000e+02,-2.344538903794082429e+01
2.910000000000000000e+02,-2.344538903794082429e+01
2.920000000000000000e+02,-2.344538903794082429e+01
2.930000000000000000e+02,-2.344538903794082429e+01
2.940000000000000000e+02,-2.344538903794082429e+01
2.950000000000000000e+02,-2.344538903794082429e+01
2.960000000000000000e+02,-2.344538903794082429e+01
2.970000000000000000e+02,-2.367758931653267496e+01
2.980000000000000000e+02,-2.376113662829354212e+01
2.990000000000000000e+02,-2.376113662829354212e+01
3.000000000000000000e+02,-2.376113662829354212e+01
3.010000000000000000e+02,-2.376113662829354212e+01
3.020000000000000000e+02,-2.380207633981306969e+01
3.030000000000000000e+02,-2.380207633981306969e+01
3.040000000000000000e+02,-2.380207633981306969e+01
3.050000000000000000e+02,-2.380207633981306969e+01
3.060000000000000000e+02,-2.380207633981306969e+01
3.070000000000000000e+02,-2.380207633981306969e+01
3.080000000000000000e+02,-2.382038272732363637e+01
3.090000000000000000e+02,-2.382038272732363637e+01
3.100000000000000000e+02,-2.382038272732363637e+01
3.110000000000000000e+02,-2.382038272732363637e+01
3.120000000000000000e+02,-2.382038272732363637e+01
3.130000000000000000e+02,-2.382038272732363637e+01
3.140000000000000000e+02,-2.382038272732363637e+01
3.150000000000000000e+02,-2.382038272732363637e+01
3.160000000000000000e+02,-2.382038272732363637e+01
3.170000000000000000e+02,-2.385952737176452843e+01
3.180000000000000000e+02,-2.391312449165072707e+01
3.190000000000000000e+02,-2.392216497569724964e+01
3.200000000000000000e+02,-2.392216497569724964e+01
3.210000000000000000e+02,-2.392216497569724964e+01
3.220000000000000000e+02,-2.394586419355667672e+01
3.230000000000000000e+02,-2.394586419355667672e+01
3.240000000000000000e+02,-2.399815938499884993e+01
3.250000000000000000e+02,-2.401903394429515259e+01
3.260000000000000000e+02,-2.401903394429515259e+01
3.270000000000000000e+02,-2.401903394429515259e+01
3.280000000000000000e+02,-2.431000854210077478e+01
3.290000000000000000e+02,-2.431000854210077478e+01
3.300000000000000000e+02,-2.431000854210077478e+01
3.310000000000000000e+02,-2.431000854210077478e+01
3.320000000000000000e+02,-2.441579774591260588e+01
3.330000000000000000e+02,-2.441579774591260588e+01
3.340000000000000000e+02,-2.441579774591260588e+01
3.350000000000000000e+02,-2.445346817384103133e+01
3.360000000000000000e+02,-2.455029556869520491e+01
3.370000000000000000e+02,-2.455029556869520491e+01
3.380000000000000000e+02,-2.459339784825439779e+01
3.390000000000000000e+02,-2.459339784825439779e+01
3.400000000000000000e+02,-2.459339784825439779e+01
3.410000000000000000e+02,-2.689795750539308727e+01
3.420000000000000000e+02,-2.689795750539308727e+01
3.430000000000000000e+02,-2.844079962606689094e+01
3.440000000000000000e+02,-2.855076912313814574e+01
3.450000000000000000e+02,-2.855076912313814574e+01
3.460000000000000000e+02,-2.855076912313814574e+01
3.470000000000000000e+02,-2.855076912313814574e+01
3.480000000000000000e+02,-2.949384087223430129e+01
3.490000000000000000e+02,-2.950758042983499507e+01
3.500000000000000000e+02,-2.950758042983499507e+01
3.510000000000000000e+02,-2.950758042983499507e+01
3.520000000000000000e+02,-2.951435484278048094e+01
3.530000000000000000e+02,-2.951435484278048094e+01
3.540000000000000000e+02,-2.951435484278048094e+01
3.550000000000000000e+02,-2.951435484278048094e+01
3.560000000000000000e+02,-2.959107652482125417e+01
3.570000000000000000e+02,-2.959107652482125417e+01
3.580000000000000000e+02,-2.959107652482125417e+01
3.590000000000000000e+02,-2.959107652482125417e+01
3.600000000000000000e+02,-2.959107652482125417e+01
3.610000000000000000e+02,-2.959107652482125417e+01
3.620000000000000000e+02,-3.186578663675159717e+01
3.630000000000000000e+02,-3.188192584463086732e+01
3.640000000000000000e+02,-3.188192584463086732e+01
3.650000000000000000e+02,-3.198315306083143739e+01
3.660000000000000000e+02,-3.201184582725302619e+01
3.670000000000000000e+02,-3.201184582725302619e+01
3.680000000000000000e+02,-3.202227020159789106e+01
3.690000000000000000e+02,-3.202227020159789106e+01
3.700000000000000000e+02,-3.207252722831847080e+01
3.710000000000000000e+02,-3.207252722831847080e+01
3.720000000000000000e+02,-3.207678609292305794e+01
3.730000000000000000e+02,-3.730477079315006250e+01
3.740000000000000000e+02,-3.730477079315006250e+01
3.750000000000000000e+02,-3.730477079315006250e+01
3.760000000000000000e+02,-3.732942618535242474e+01
3.770000000000000000e+02,-3.739201224337633533e+01
3.780000000000000000e+02,-4.271429386836175013e+01
3.790000000000000000e+02,-4.271429386836175013e+01
3.800000000000000000e+02,-4.276150023126191968e+01
3.810000000000000000e+02,-4.276305598837309674e+01
3.820000000000000000e+02,-4.277684478105213373e+01
3.830000000000000000e+02,-4.280125639592119313e+01
3.840000000000000000e+02,-4.281704115814292777e+01
3.850000000000000000e+02,-4.282632228903708693e+01
3.860000000000000000e+02,-4.282632228903708693e+01
3.870000000000000000e+02,-4.282632228903708693e+01
3.880000000000000000e+02,-4.297848967384723551e+01
3.890000000000000000e+02,-4.297848967384723551e+01
3.900000000000000000e+02,-4.297848967384723551e+01
3.910000000000000000e+02,-4.305502286029660297e+01
3.920000000000000000e+02,-4.308306630940895587e+01
3.930000000000000000e+02,-4.309708051215021385e+01
3.940000000000000000e+02,-4.309708051215021385e+01
3.950000000000000000e+02,-4.309708051215021385e+01
3.960000000000000000e+02,-4.309708051215021385e+01
3.970000000000000000e+02,-4.309708051215021385e+01
3.980000000000000000e+02,-4.319978937283271847e+01
3.990000000000000000e+02,-4.326063844886746068e+01
4.000000000000000000e+02,-4.326063844886746068e+01
4.010000000000000000e+02,-4.326063844886746068e+01
4.020000000000000000e+02,-4.326063844886746068e+01
4.030000000000000000e+02,-4.328441715782529542e+01
4.040000000000000000e+02,-4.341546004879143794e+01
4.050000000000000000e+02,-4.341546004879143794e+01
4.060000000000000000e+02,-4.341546004879143794e+01
4.070000000000000000e+02,-4.341546004879143794e+01
4.080000000000000000e+02,-4.341546004879143794e+01
4.090000000000000000e+02,-4.341546004879143794e+01
4.100000000000000000e+02,-4.341546004879143794e+01
4.110000000000000000e+02,-4.341546004879143794e+01
4.120000000000000000e+02,-4.342977587861327038e+01
4.130000000000000000e+02,-4.347006860739874412e+01
4.140000000000000000e+02,-4.347006860739874412e+01
4.150000000000000000e+02,-4.347928373693771675e+01
4.160000000000000000e+02,-4.366752954043293045e+01
4.170000000000000000e+02,-4.372928139334426589e+01
4.180000000000000000e+02,-4.424999087126722941e+01
4.190000000000000000e+02,-5.065262226242441557e+01
4.200000000000000000e+02,-5.065262226242441557e+01
4.210000000000000000e+02,-5.074778391604750283e+01
4.220000000000000000e+02,-5.076551278161041125e+01
4.230000000000000000e+02,-5.076551278161041125e+01
4.240000000000000000e+02,-5.078406843521032954e+01
4.250000000000000000e+02,-5.078906589040823150e+01
4.260000000000000000e+02,-5.078906589040823150e+01
4.270000000000000000e+02,-5.078906589040823150e+01
4.280000000000000000e+02,-5.090204906360202131e+01
4.290000000000000000e+02,-5.123052195502263118e+01
4.300000000000000000e+02,-5.123052195502263118e+01
4.310000000000000000e+02,-5.123716715706661518e+01
4.320000000000000000e+02,-5.123716715706661518e+01
4.330000000000000000e+02,-5.123716715706661518e+01
4.340000000000000000e+02,-5.156337931340404168e+01
4.350000000000000000e+02,-5.156337931340404168e+01
4.360000000000000000e+02,-5.156337931340404168e+01
4.370000000000000000e+02,-5.160871323578662384e+01
4.380000000000000000e+02,-5.160871323578662384e+01
4.390000000000000000e+02,-5.162808030038240048e+01
4.400000000000000000e+02,-5.171168473931206222e+01
4.410000000000000000e+02,-5.171168473931206222e+01
4.420000000000000000e+02,-5.181929901009350914e+01
4.430000000000000000e+02,-5.181929901009350914e+01
4.440000000000000000e+02,-5.181929901009350914e+01
4.450000000000000000e+02,-5.181929901009350914e+01
4.460000000000000000e+02,-5.181929901009350914e+01
4.470000000000000000e+02,-5.181929901009350914e+01
4.480000000000000000e+02,-5.181929901009350914e+01
4.490000000000000000e+02,-5.181929901009350914e+01
4.500000000000000000e+02,-5.181929901009350914e+01
4.510000000000000000e+02,-5.181929901009350914e+01
4.520000000000000000e+02,-5.181929901009350914e+01
4.530000000000000000e+02,-5.181929901009350914e+01
4.540000000000000000e+02,-5.183236952773837203e+01
4.550000000000000000e+02,-5.187763224888856683e+01
4.560000000000000000e+02,-5.194834042617982561e+01
4.570000000000000000e+02,-5.199732690206332819e+01
4.580000000000000000e+02,-5.200048459668884249e+01
4.590000000000000000e+02,-5.200048459668884249e+01
4.600000000000000000e+02,-5.200048459668884249e+01
4.610000000000000000e+02,-5.200048459668884249e+01
4.620000000000000000e+02,-5.200048459668884249e+01
4.630000000000000000e+02,-5.200048459668884249e+01
4.640000000000000000e+02,-5.200048459668884249e+01
4.650000000000000000e+02,-5.200048459668884249e+01
4.660000000000000000e+02,-5.210370570655494049e+01
4.670000000000000000e+02,-5.210370570655494049e+01
4.680000000000000000e+02,-5.210370570655494049e+01
4.690000000000000000e+02,-5.210370570655494049e+01
4.700000000000000000e+02,-5.210370570655494049e+01
4.710000000000000000e+02,-5.211276512186663723e+01
4.720000000000000000e+02,-5.214545435413653252e+01
4.730000000000000000e+02,-5.214545435413653252e+01
4.740000000000000000e+02,-5.215755715653924085e+01
4.750000000000000000e+02,-5.215755715653924085e+01
4.760000000000000000e+02,-5.215951362131182378e+01
4.770000000000000000e+02,-5.215951362131182378e+01
4.780000000000000000e+02,-5.216946336734784495e+01
4.790000000000000000e+02,-5.228539533485913182e+01
4.800000000000000000e+02,-5.236322317503728385e+01
4.810000000000000000e+02,-5.236322317503728385e+01
4.820000000000000000e+02,-5.236322317503728385e+01
4.830000000000000000e+02,-5.239055219513249284e+01
4.840000000000000000e+02,-5.239055219513249284e+01
4.850000000000000000e+02,-5.239055219513249284e+01
4.860000000000000000e+02,-5.239055219513249284e+01
4.870000000000000000e+02,-5.239055219513249284e+01
4.880000000000000000e+02,-5.239055219513249284e+01
4.890000000000000000e+02,-5.239055219513249284e+01
4.900000000000000000e+02,-5.239055219513249284e+01
4.910000000000000000e+02,-5.239055219513249284e+01
4.920000000000000000e+02,-5.239055219513249284e+01
4.930000000000000000e+02,-5.242285776066235314e+01
4.940000000000000000e+02,-5.242285776066235314e+01
4.950000000000000000e+02,-5.244780007277729084e+01
4.960000000000000000e+02,-5.248991309602160271e+01
4.970000000000000000e+02,-5.248991309602160271e+01
4.980000000000000000e+02,-6.621223731757768860e+01
4.990000000000000000e+02,-6.627137158264957861e+01
5.000000000000000000e+02,-6.627137158264957861e+01
5.010000000000000000e+02,-6.627137158264957861e+01
5.020000000000000000e+02,-6.627137158264957861e+01
5.030000000000000000e+02,-6.629554678057864692e+01
5.040000000000000000e+02,-6.629554678057864692e+01
5.050000000000000000e+02,-6.629554678057864692e+01
5.060000000000000000e+02,-6.634811795025373726e+01
5.070000000000000000e+02,-6.701577617486364602e+01
5.080000000000000000e+02,-6.701577617486364602e+01
5.090000000000000000e+02,-6.701577617486364602e+01
5.100000000000000000e+02,-6.701577617486364602e+01
5.110000000000000000e+02,-6.701577617486364602e+01
5.120000000000000000e+02,-6.701577617486364602e+01
5.130000000000000000e+02,-6.712877853700896935e+01
5.140000000000000000e+02,-6.712877853700896935e+01
5.150000000000000000e+02,-6.713873488482954599e+01
5.160000000000000000e+02,-6.713873488482954599e+01
5.170000000000000000e+02,-6.713873488482954599e+01
5.180000000000000000e+02,-6.713873488482954599e+01
5.190000000000000000e+02,-6.713873488482954599e+01
5.200000000000000000e+02,-6.713873488482954599e+01
5.210000000000000000e+02,-6.723011721501390525e+01
5.220000000000000000e+02,-6.726018061892025912e+01
5.230000000000000000e+02,-6.731505300553639870e+01
5.240000000000000000e+02,-6.731505300553639870e+01
5.250000000000000000e+02,-6.731505300553639870e+01
5.260000000000000000e+02,-6.731505300553639870e+01
5.270000000000000000e+02,-6.731505300553639870e+01
5.280000000000000000e+02,-6.731505300553639870e+01
5.290000000000000000e+02,-6.735272247927034073e+01
5.300000000000000000e+02,-6.735272247927034073e+01
5.310000000000000000e+02,-6.736984080389132146e+01
5.320000000000000000e+02,-6.736984080389132146e+01
5.330000000000000000e+02,-6.736984080389132146e+01
5.340000000000000000e+02,-6.736984080389132146e+01
5.350000000000000000e+02,-6.736984080389132146e+01
5.360000000000000000e+02,-6.736984080389132146e+01
5.370000000000000000e+02,-6.736984080389132146e+01
5.380000000000000000e+02,-6.736984080389132146e+01
5.390000000000000000e+02,-6.736984080389132146e+01
5.400000000000000000e+02,-6.736984080389132146e+01
5.410000000000000000e+02,-6.736984080389132146e+01
5.420000000000000000e+02,-6.743879201459446904e+01
5.430000000000000000e+02,-6.743879201459446904e+01
5.440000000000000000e+02,-6.743879201459446904e+01
5.450000000000000000e+02,-6.743879201459446904e+01
5.460000000000000000e+02,-6.743879201459446904e+01
5.470000000000000000e+02,-6.743991269916148212e+01
5.480000000000000000e+02,-6.743991269916148212e+01
5.490000000000000000e+02,-6.754233141201243029e+01
5.500000000000000000e+02,-6.754233141201243029e+01
5.510000000000000000e+02,-6.756833589460482870e+01
5.520000000000000000e+02,-6.756833589460482870e+01
5.530000000000000000e+02,-6.756833589460482870e+01
5.540000000000000000e+02,-6.756833589460482870e+01
5.550000000000000000e+02,-6.757566415351681144e+01
5.560000000000000000e+02,-6.757566415351681144e+01
5.570000000000000000e+02,-6.757566415351681144e+01
5.580000000000000000e+02,-6.757566415351681144e+01
5.590000000000000000e+02,-6.757566415351681144e+01
5.600000000000000000e+02,-6.757566415351681144e+01
5.610000000000000000e+02,-6.757566415351681144e+01
5.620000000000000000e+02,-6.759954066308824849e+01
5.630000000000000000e+02,-6.760164772009366629e+01
5.640000000000000000e+02,-6.760164772009366629e+01
5.650000000000000000e+02,-6.760164772009366629e+01
5.660000000000000000e+02,-6.765030776021522740e+01
5.670000000000000000e+02,-6.765030776021522740e+01
5.680000000000000000e+02,-6.766011854635593181e+01
5.690000000000000000e+02,-6.766011854635593181e+01
5.700000000000000000e+02,-6.766011854635593181e+01
5.710000000000000000e+02,-6.766011854635593181e+01
5.720000000000000000e+02,-6.775883921945715826e+01
5.730000000000000000e+02,-6.776544397684899934e+01
5.740000000000000000e+02,-6.776544397684899934e+01
5.750000000000000000e+02,-6.776544397684899934e+01
5.760000000000000000e+02,-6.776544397684899934e+01
5.770000000000000000e+02,-6.776544397684899934e+01
5.780000000000000000e+02,-6.777539628549675399e+01
5.790000000000000000e+02,-6.777539628549675399e+01
5.800000000000000000e+02,-6.782103365976836074e+01
5.810000000000000000e+02,-6.782103365976836074e+01
5.820000000000000000e+02,-6.782103365976836074e+01
5.830000000000000000e+02,-6.782103365976836074e+01
5.840000000000000000e+02,-6.782103365976836074e+01
5.850000000000000000e+02,-6.782668485255354085e+01
5.860000000000000000e+02,-6.797598972188592370e+01
5.870000000000000000e+02,-6.797598972188592370e+01
5.880000000000000000e+02,-6.806743583621377525e+01
5.890000000000000000e+02,-6.806743583621377525e+01
5.900000000000000000e+02,-6.806743583621377525e+01
5.910000000000000000e+02,-6.806743583621377525e+01
5.920000000000000000e+02,-6.806743583621377525e+01
5.930000000000000000e+02,-6.806743583621377525e+01
5.940000000000000000e+02,-6.806743583621377525e+01
5.950000000000000000e+02,-6.806743583621377525e+01
5.960000000000000000e+02,-6.806798136882233052e+01
5.970000000000000000e+02,-6.810638005698692155e+01
5.980000000000000000e+02,-6.810638005698692155e+01
5.990000000000000000e+02,-6.810638005698692155e+01
6.000000000000000000e+02,-6.842442467685381757e+01
6.010000000000000000e+02,-6.845352540439697009e+01
6.020000000000000000e+02,-6.848176310034681080e+01
6.030000000000000000e+02,-6.848176310034681080e+01
6.040000000000000000e+02,-6.848176310034681080e+01
6.050000000000000000e+02,-6.853914780704707255e+01
6.060000000000000000e+02,-6.853914780704707255e+01
6.070000000000000000e+02,-6.856025404625235353e+01
6.080000000000000000e+02,-6.856025404625235353e+01
6.090000000000000000e+02,-6.856025404625235353e+01
6.100000000000000000e+02,-6.856025404625235353e+01
6.110000000000000000e+02,-6.856025404625235353e+01
6.120000000000000000e+02,-6.862106182673873889e+01
6.130000000000000000e+02,-6.862106182673873889e+01
6.140000000000000000e+02,-6.862106182673873889e+01
6.150000000000000000e+02,-6.862106182673873889e+01
6.160000000000000000e+02,-6.862106182673873889e+01
6.170000000000000000e+02,-6.862106182673873889e+01
6.180000000000000000e+02,-6.863080191803109642e+01
6.190000000000000000e+02,-6.863080191803109642e+01
6.200000000000000000e+02,-6.865983459400497679e+01
6.210000000000000000e+02,-6.865983459400497679e+01
6.220000000000000000e+02,-6.865983459400497679e+01
6.230000000000000000e+02,-6.865983459400497679e+01
6.240000000000000000e+02,-6.865983459400497679e+01
6.250000000000000000e+02,-6.866130586902903588e+01
6.260000000000000000e+02,-6.866130586902903588e+01
6.270000000000000000e+02,-6.866130586902903588e+01
6.280000000000000000e+02,-6.866130586902903588e+01
6.290000000000000000e+02,-6.866130586902903588e+01
6.300000000000000000e+02,-6.866130586902903588e+01
6.310000000000000000e+02,-6.866894312166125758e+01
6.320000000000000000e+02,-6.866894312166125758e+01
6.330000000000000000e+02,-6.866894312166125758e+01
6.340000000000000000e+02,-6.866894312166125758e+01
6.350000000000000000e+02,-6.866894312166125758e+01
6.360000000000000000e+02,-6.866894312166125758e+01
6.370000000000000000e+02,-6.866894312166125758e+01
6.380000000000000000e+02,-6.866894312166125758e+01
6.390000000000000000e+02,-6.869233312207983033e+01
6.400000000000000000e+02,-6.869233312207983033e+01
6.410000000000000000e+02,-6.872189033025223637e+01
6.420000000000000000e+02,-6.872189033025223637e+01
6.430000000000000000e+02,-6.872189033025223637e+01
6.440000000000000000e+02,-6.872189033025223637e+01
6.450000000000000000e+02,-6.872189033025223637e+01
6.460000000000000000e+02,-6.872189033025223637e+01
6.470000000000000000e+02,-6.872351825293682737e+01
6.480000000000000000e+02,-6.875069864738608771e+01
6.490000000000000000e+02,-6.875069864738608771e+01
6.500000000000000000e+02,-6.889233640992222263e+01
6.510000000000000000e+02,-6.892737930835005500e+01
6.520000000000000000e+02,-6.892737930835005500e+01
6.530000000000000000e+02,-6.892737930835005500e+01
6.540000000000000000e+02,-6.892737930835005500e+01
6.550000000000000000e+02,-6.892737930835005500e+01
6.560000000000000000e+02,-6.892737930835005500e+01
6.570000000000000000e+02,-6.892737930835005500e+01
6.580000000000000000e+02,-6.892737930835005500e+01
6.590000000000000000e+02,-6.892737930835005500e+01
6.600000000000000000e+02,-6.892737930835005500e+01
6.610000000000000000e+02,-6.892737930835005500e+01
6.620000000000000000e+02,-6.895995468150684360e+01
6.630000000000000000e+02,-6.895995468150684360e+01
6.640000000000000000e+02,-6.895995468150684360e+01
6.650000000000000000e+02,-6.910329084412930456e+01
6.660000000000000000e+02,-6.910329084412930456e+01
6.670000000000000000e+02,-6.910329084412930456e+01
6.680000000000000000e+02,-6.910329084412930456e+01
6.690000000000000000e+02,-6.910329084412930456e+01
6.700000000000000000e+02,-6.910329084412930456e+01
6.710000000000000000e+02,-6.910329084412930456e+01
6.720000000000000000e+02,-6.917748774864813299e+01
6.730000000000000000e+02,-6.919440112342736882e+01
6.740000000000000000e+02,-6.919440112342736882e+01
6.750000000000000000e+02,-6.919440112342736882e+01
6.760000000000000000e+02,-6.919440112342736882e+01
6.770000000000000000e+02,-6.928610481208198735e+01
6.780000000000000000e+02,-6.929255490581483912e+01
6.790000000000000000e+02,-6.931210105254014309e+01
6.800000000000000000e+02,-6.931210105254014309e+01
6.810000000000000000e+02,-6.931210105254014309e+01
6.820000000000000000e+02,-6.932166191837717406e+01
6.830000000000000000e+02,-6.932166191837717406e+01
6.840000000000000000e+02,-6.935838844458487529e+01
6.850000000000000000e+02,-6.935838844458487529e+01
6.860000000000000000e+02,-6.938965161561488060e+01
6.870000000000000000e+02,-6.941243299048007032e+01
6.880000000000000000e+02,-7.117313568837226967e+01
6.890000000000000000e+02,-7.121552538572925073e+01
6.900000000000000000e+02,-7.121552538572925073e+01
6.910000000000000000e+02,-7.121552538572925073e+01
6.920000000000000000e+02,-7.121552538572925073e+01
6.930000000000000000e+02,-7.121552538572925073e+01
6.940000000000000000e+02,-7.121552538572925073e+01
6.950000000000000000e+02,-7.121552538572925073e+01
6.960000000000000000e+02,-7.127748079217856514e+01
6.970000000000000000e+02,-7.127748079217856514e+01
6.980000000000000000e+02,-7.132337076649848484e+01
6.990000000000000000e+02,-7.132337076649848484e+01
7.000000000000000000e+02,-7.132337076649848484e+01
7.010000000000000000e+02,-7.132337076649848484e+01
7.020000000000000000e+02,-7.134155595107027636e+01
7.030000000000000000e+02,-7.134155595107027636e+01
7.040000000000000000e+02,-7.134155595107027636e+01
7.050000000000000000e+02,-7.134155595107027636e+01
7.060000000000000000e+02,-7.134155595107027636e+01
7.070000000000000000e+02,-7.134505755008994754e+01
7.080000000000000000e+02,-7.134505755008994754e+01
7.090000000000000000e+02,-7.134505755008994754e+01
7.100000000000000000e+02,-7.479155346900658685e+01
7.110000000000000000e+02,-7.479155346900658685e+01
7.120000000000000000e+02,-7.479155346900658685e+01
7.130000000000000000e+02,-7.479155346900658685e+01
7.140000000000000000e+02,-7.479155346900658685e+01
7.150000000000000000e+02,-7.480515770689900990e+01
7.160000000000000000e+02,-7.480515770689900990e+01
7.170000000000000000e+02,-7.480515770689900990e+01
7.180000000000000000e+02,-7.480515770689900990e+01
7.190000000000000000e+02,-7.495385382700843024e+01
7.200000000000000000e+02,-7.495385382700843024e+01
7.210000000000000000e+02,-7.496976927656983491e+01
7.220000000000000000e+02,-7.496976927656983491e+01
7.230000000000000000e+02,-7.499218666589273141e+01
7.240000000000000000e+02,-7.499218666589273141e+01
7.250000000000000000e+02,-7.499218666589273141e+01
7.260000000000000000e+02,-7.499218666589273141e+01
7.270000000000000000e+02,-7.499218666589273141e+01
7.280000000000000000e+02,-7.499218666589273141e+01
7.290000000000000000e+02,-7.511531899623388142e+01
7.300000000000000000e+02,-7.511531899623388142e+01
7.310000000000000000e+02,-7.511531899623388142e+01
7.320000000000000000e+02,-7.514439364744787042e+01
7.330000000000000000e+02,-7.520830196911303744e+01
7.340000000000000000e+02,-7.520830196911303744e+01
7.350000000000000000e+02,-7.524335561782908144e+01
7.360000000000000000e+02,-7.524335561782908144e+01
7.370000000000000000e+02,-7.524335561782908144e+01
7.380000000000000000e+02,-7.529891743659163694e+01
7.390000000000000000e+02,-7.529891743659163694e+01
7.400000000000000000e+02,-7.529891743659163694e+01
7.410000000000000000e+02,-7.529891743659163694e+01
7.420000000000000000e+02,-7.532136646215992926e+01
7.430000000000000000e+02,-7.532136646215992926e+01
7.440000000000000000e+02,-7.546472323197288290e+01
7.450000000000000000e+02,-7.546472323197288290e+01
7.460000000000000000e+02,-7.546472323197288290e+01
7.470000000000000000e+02,-7.546472323197288290e+01
7.480000000000000000e+02,-7.546472323197288290e+01
7.490000000000000000e+02,-7.546472323197288290e+01
7.500000000000000000e+02,-7.548917596747794789e+01
7.510000000000000000e+02,-7.578174396799046519e+01
7.520000000000000000e+02,-7.578174396799046519e+01
7.530000000000000000e+02,-7.589707515484121814e+01
7.540000000000000000e+02,-7.589707515484121814e+01
7.550000000000000000e+02,-7.589707515484121814e+01
7.560000000000000000e+02,-7.589707515484121814e+01
7.570000000000000000e+02,-7.589707515484121814e+01
7.580000000000000000e+02,-7.589707515484121814e+01
7.590000000000000000e+02,-7.591017605315546746e+01
7.600000000000000000e+02,-7.600066142179871065e+01
7.610000000000000000e+02,-7.705234576980740258e+01
7.620000000000000000e+02,-7.705234576980740258e+01
7.630000000000000000e+02,-7.721593395032424212e+01
7.640000000000000000e+02,-7.742223041036930908e+01
7.650000000000000000e+02,-7.797979019677805468e+01
7.660000000000000000e+02,-7.797979019677805468e+01
7.670000000000000000e+02,-7.797979019677805468e+01
7.680000000000000000e+02,-7.797979019677805468e+01
7.690000000000000000e+02,-7.797979019677805468e+01
7.700000000000000000e+02,-7.797979019677805468e+01
7.710000000000000000e+02,-7.797979019677805468e+01
7.720000000000000000e+02,-7.797979019677805468e+01
7.730000000000000000e+02,-7.797979019677805468e+01
7.740000000000000000e+02,-7.797979019677805468e+01
7.750000000000000000e+02,-7.797979019677805468e+01
7.760000000000000000e+02,-7.797979019677805468e+01
7.770000000000000000e+02,-7.799360448039648475e+01
7.780000000000000000e+02,-7.799360448039648475e+01
7.790000000000000000e+02,-7.799360448039648475e+01
7.800000000000000000e+02,-7.799360448039648475e+01
7.810000000000000000e+02,-7.914308901567193288e+01
7.820000000000000000e+02,-7.917632115125950065e+01
7.830000000000000000e+02,-7.917632115125950065e+01
7.840000000000000000e+02,-7.917632115125950065e+01
7.850000000000000000e+02,-7.917632115125950065e+01
7.860000000000000000e+02,-7.918414743431692671e+01
7.870000000000000000e+02,-7.918414743431692671e+01
7.880000000000000000e+02,-7.918414743431692671e+01
7.890000000000000000e+02,-7.918414743431692671e+01
7.900000000000000000e+02,-7.918414743431692671e+01
7.910000000000000000e+02,-7.918414743431692671e+01
7.920000000000000000e+02,-8.020035235551588926e+01
7.930000000000000000e+02,-8.025012577711851236e+01
7.940000000000000000e+02,-8.025012577711851236e+01
7.950000000000000000e+02,-8.025012577711851236e+01
7.960000000000000000e+02,-8.025012577711851236e+01
7.970000000000000000e+02,-8.025012577711851236e+01
7.980000000000000000e+02,-8.025012577711851236e+01
7.990000000000000000e+02,-8.025012577711851236e+01
8.000000000000000000e+02,-8.025012577711851236e+01
